Workbook

Sheet Portada
B2: FISCALÍA GENERAL DE LA NACIÓN
B3: Lista de Chequeo. Entrega Completa del Servicio
B4: Anexo Técnico 7.1. Lista de Chequeo Entrega Servicio. Alineado con Anexo Técnico 7. Protocolo de Transición (M1-M10)
B6: Documento alineado con:
B7: • Anexo Técnico 1 (Conectividad 2026)
B8: • Anexo Técnico 1.1 (Matriz de Sedes). Columna ID Nodo como clave primaria.
B9: • Anexo Técnico 7. Protocolo de Transición. Secciones T1 a T13 y Apéndices A-F.
B10: • Anexo Técnico 7. Protocolo de Transición. Cronograma de referencia (Hitos M1-M10).
B11: • Anexo Técnico 5 — Acuerdo de Niveles de Servicio (Catálogo ANS FGN: umbrales, prioridades y penalidades).
B12: • Anexo Técnico 2 (Seguridad Digital y Ciberseguridad). Generalidades — herramienta ITSM institucional.
B13: • Anexo Técnico 6 (Perfiles Profesionales). P2.5, P2.6 y otros.
B15: Fases del proceso:
... B43: 6. La hoja Resumen acumula los indicadores del Reporte Semanal (Anexo Técnico 7. Apéndice D).

Sheet Lista de Chequeo
A1: Fase | B1: ID | C1: Descripción del ítem | D1: Categoría aplicable | E1: Hito | F1: Ref. Anexo 7 (T) | G1: Ref. Otros anexos | H1: Estado | I1: Responsable | J1: Fecha Límite | K1: Evidencia / URL | L1: Sede / ID Nodo (Anexo 1.1) | M1: Observaciones
A2: FASE 1. Planeación e inicio (M1) | D2: Todas
A3: FASE 1. Planeación e inicio (M1) | B3: 8.1 | C3: Designación formal del Gestor de Transición (Anexo 6 P2.5) como punto único de contacto. | D3: Todas | F3: T1.1 | G3: Anexo 6. P2.5
A4: FASE 1. Planeación e inicio (M1) | B4: 8.2 | C4: Designación del Coordinador de Salida del PROVEEDOR SALIENTE (Anexo 6 P2.6). | D4: Todas | F4: T1.1 | G4: Anexo 6. P2.6
A5: FASE 1. Planeación e inicio (M1) | B5: 8.3 | C5: Designación del Supervisor del contrato y del Equipo TIC de FGN para la transición. | D5: Todas | F5: T1.1
A6: FASE 1. Planeación e inicio (M1) | B6: 8.4 | C6: Verificación de Registro TIC vigente del PROVEEDOR ENTRANTE. | D6: Todas | G6: Anexo 1. Calidad
A7: FASE 1. Planeación e inicio (M1) | B7: 7.5 | C7: Acuerdo de Confidencialidad / NDA suscrito entre las partes para Knowledge Transfer. | D7: Todas | E7: M1 | F7: T9.1 | G7: Anexo 1. C17
A8: FASE 1. Planeación e inicio (M1) | B8: 4.6 | C8: Designación de Interventoría con alcance específico sobre el protocolo de transición. | D8: Todas | F8: T1.1
A9: FASE 1. Planeación e inicio (M1) | B9: 4.7 | C9: Knowledge Transfer recibido del PROVEEDOR SALIENTE con actas y videos de sesiones. | D9: Todas | E9: M1 | F9: T1 / T2 | G9: Anexo Técnico 7. RACI
A10: FASE 2. Diseño y aprobación (M1-M2) | B10: 1.1 | C10: Plan Detallado de Transición (PDT). Entregado dentro de M1. | D10: Todas | E10: M2 | F10: T2 (Entregable 1) | G10: Anexo Técnico 7. T2
A11: FASE 2. Diseño y aprobación (M1-M2) | B11: 1.2 | C11: Inventario completo de sedes y servicios a migrar. Entregado en M1, validado contra Anexo 1.1. | D11: Todas | E11: M2 | F11: T2 (Entregable 2) | G11: Anexo 1.1
A12: FASE 2. Diseño y aprobación (M1-M2) | B12: 1.3 | C12: Documentación técnica de la plataforma actual (configs, IPs, políticas, VLAN). Dentro de M1. | D12: Todas | E12: M1 | F12: T2 (Entregable 3)
A13: FASE 2. Diseño y aprobación (M1-M2) | B13: 1.4 | C13: Cronograma de cortes por sede con ventanas de mantenimiento. Dentro de M1. | D13: Todas | E13: M2 | F13: T2 (Entregable 4) | G13: Cronograma maestro
A14: FASE 2. Diseño y aprobación (M1-M2) | B14: 1.5 | C14: Procedimientos de rollback por categoría. Dentro de M1. | D14: Todas | E14: M2 | F14: T2 (Ent. 5) / T12 | G14: Anexo Técnico 7. T12
A15: FASE 2. Diseño y aprobación (M1-M2) | B15: 1.6 | C15: Plan de comunicación y gestión del cambio. Antes del cierre de M2. | D15: Todas | E15: M2 | F15: T2 (Ent. 6) / T6 | G15: Anexo Técnico 7. T6
A16: FASE 2. Diseño y aprobación (M1-M2) | B16: 1.7 | C16: Ambiente de laboratorio/staging para configuración paralela. Antes del cierre de M2. | D16: Todas | E16: M2 | F16: T2 (Entregable 7)
A17: FASE 2. Diseño y aprobación (M1-M2) | B17: 7.7 | C17: Diseño integral SD-WAN (arquitectura activo-activo, VRF/VLAN, segmentación). | D17: Todas | E17: M2 | F17: T2 (Entregable 1) | G17: Anexo 1. C1
A18: FASE 2. Diseño y aprobación (M1-M2) | B18: 5.8 | C18: Plan Detallado de Retiro (PDR) del PROVEEDOR SALIENTE acordado. | D18: Todas | E18: M2 | F18: Anexo Técnico 7. T8 | G18: T2 (Ent. 9) / T8
A19: FASE 2. Diseño y aprobación (M1-M2) | B19: 5.9 | C19: Plataforma de monitoreo principal puesta en funcionamiento. Antes del cierre de M2. | D19: Cat 1 | E19: M3 | F19: T2 (Entregable 8) | G19: Anexo 1. C8
A20: FASE 2. Diseño y aprobación (M1-M2) | B20: 5.10 | C20: Plan de coexistencia formalizado conforme a T3 (división de responsabilidades, facturación, gobierno de cambios). | D20: Todas | E20: M2 | F20: T3 | G20: Anexo Técnico 7. T3
A21: FASE 2. Diseño y aprobación (M1-M2) | B21: 2.12 | C21: Matriz RACI específica de la transición acordada y publicada (T1.2). | D21: Todas | E21: M2 | F21: T1.2 | G21: Anexo 6
A22: FASE 2. Diseño y aprobación (M1-M2) | B22: 2.13 | C22: Catálogo de Riesgos personalizado por el PROVEEDOR ENTRANTE conforme a la taxonomía T5. | D22: Todas | E22: M2 | F22: T5 | G22: ISO 31000
A23: FASE 3. Habilitación nodos Categoría 1 (Datacenters) (M3) | B23: 2.1 | C23: Datacenter Bogotá: 1 canal Internet ≥ 5 Gbps, hand-off independiente. | D23: Cat 1 | E23: M3 | F23: T10.1 | G23: Anexo 1. Cat 1 / C9
A24: FASE 3. Habilitación nodos Categoría 1 (Datacenters) (M3) | B24: 2.2 | C24: Datacenter Cali: 1 canal Internet ≥ 5 Gbps, hand-off independiente. | D24: Cat 1 | E24: M3 | F24: T10.1 | G24: Anexo 1. Cat 1 / C9
A25: FASE 3. Habilitación nodos Categoría 1 (Datacenters) (M3) | B25: 2.3 | C25: 2 canales de datos ≥ 5 Gbps (uno por nodo Bogotá / Cali) operativos. | D25: Cat 1 | E25: M3 | F25: T10.1 | G25: Anexo 1. Cat 1
A26: FASE 3. Habilitación nodos Categoría 1 (Datacenters) (M3) | B26: 2.4 | C26: 2 canales de interconexión dedicada a Azure (ExpressRoute o equivalente). | D26: Cat 1 / Cat 5 | E26: M3 | F26: T10.1 / T10.5 | G26: Anexo 1. Cat 5
A27: FASE 3. Habilitación nodos Categoría 1 (Datacenters) (M3) | B27: 2.5 | C27: 2 canales de interconexión dedicada a OCI (FastConnect o equivalente). | D27: Cat 1 / Cat 5 | E27: M3 | F27: T10.1 / T10.5 | G27: Anexo 1. Cat 5
A28: FASE 3. Habilitación nodos Categoría 1 (Datacenters) (M3) | B28: 2.6 | C28: Modo ACTIVO-ACTIVO funcional entre Bogotá y Cali con balanceo demostrado. | D28: Cat 1 | E28: M3 | F28: T10.1 | G28: Anexo 1. C3.2 / Cat 1
... A30: FASE 3. Habilitación nodos Categoría 1 (Datacenters) (M3) | B30: 2.8 | C30: Switches core Bogotá (HA) y Cali (standalone) configurados y operativos. | D30: Cat 1 | E30: M3 | F30: T10.1 | G30: Anexo 1. C18
A31: FASE 3. Habilitación nodos Categoría 1 (Datacenters) (M3) | B31: 2.9 | C31: Servidor SFTP licenciado, instalado y operativo en el nivel Cat 1. | D31: Cat 1 | E31: M3 | G31: Anexo 1. C3.5
A32: FASE 3. Habilitación nodos Categoría 1 (Datacenters) (M3) | B32: 2.10 | C32: Plataforma ITSM operativa y CMDB inicializada para la transición. | D32: Cat 1 | E32: M3 | F32: T7 / T9.3 | G32: Anexo 2. Generalidades
A33: FASE 3. Habilitación nodos Categoría 1 (Datacenters) (M3) | B33: 2.11 | C33: Inicio de despliegue Categoría 2, primera sede validada en M3 (después de consolidar Cat.1). | D33: Cat 2 | E33: M4 | F33: T10.2 | G33: Anexo 1.1
A34: FASE 4. Implementación por sede Cat.2 a Cat.6 (M4-M8) | B34: 3.1 | C34: Categoría 2. Sedes principales: 1 canal WAN dedicado + 1 canal Internet por sede activa. | D34: Cat 2 | E34: M6 | F34: T10.2 | G34: Anexo 1. C3 / Anexo 1.1
A35: FASE 4. Implementación por sede Cat.2 a Cat.6 (M4-M8) | B35: 3.2 | C35: Categoría 2. CPE SD-WAN instalado, configurado y probado en modo pasivo ≥ 24 h previas. | D35: Cat 2 | E35: M6 | F35: T10.1 / T10.2 | G35: Anexo 1. C1
A36: FASE 4. Implementación por sede Cat.2 a Cat.6 (M4-M8) | B36: 3.3 | C36: Categoría 2. PAT superada por sede y Acta de Activación (Apéndice B) suscrita. | D36: Cat 2 | E36: M6 | F36: T11 / T7 | G36: Anexo Técnico 7. Apéndice B
A37: FASE 4. Implementación por sede Cat.2 a Cat.6 (M4-M8) | B37: 3.4 | C37: Categoría 3. Ciudades intermedias: 1 canal MPLS/IP VPN + 1 Internet por sede activa. | D37: Cat 3 | E37: M6 | F37: T10.3 | G37: Anexo 1. C3 / Cat 3
A38: FASE 4. Implementación por sede Cat.2 a Cat.6 (M4-M8) | B38: 3.5 | C38: Categoría 3. CPE SD-WAN instalado, configurado y probado en modo pasivo ≥ 24 h previas. | D38: Cat 3 | E38: M6 | F38: T10.1 / T10.3
A39: FASE 4. Implementación por sede Cat.2 a Cat.6 (M4-M8) | B39: 3.6 | C39: Categoría 3. PAT superada por sede y Acta de Activación suscrita. | D39: Cat 3 | E39: M6 | F39: T11 / T7 | G39: Anexo Técnico 7. Apéndice B
A40: FASE 4. Implementación por sede Cat.2 a Cat.6 (M4-M8) | B40: 3.7 | C40: Categoría 4. Satelital LEO empresarial integrada al CPE SD-WAN por sede. | D40: Cat 4 | E40: M7 | F40: T10.4 | G40: Anexo 1. Cat 4
A41: FASE 4. Implementación por sede Cat.2 a Cat.6 (M4-M8) | B41: 3.8 | C41: Categoría 4. Terminal LEO certificado por proveedor satelital y configurado. | D41: Cat 4 | E41: M7 | F41: T10.4
A42: FASE 4. Implementación por sede Cat.2 a Cat.6 (M4-M8) | B42: 3.9 | C42: Categoría 4. PAT superada con latencia ≤ ANS y throughput ≥ 90 %. | D42: Cat 4 | E42: M7 | F42: T11 / T11.1 | G42: Anexo Técnico 5
A43: FASE 4. Implementación por sede Cat.2 a Cat.6 (M4-M8) | B43: 3.10 | C43: Categoría 5. Conectividad cloud Azure + OCI integrada al overlay SD-WAN. | D43: Cat 5 | E43: M3-M8 | F43: T10.5 | G43: Anexo 1. Cat 5
A44: FASE 4. Implementación por sede Cat.2 a Cat.6 (M4-M8) | B44: 3.11 | C44: Categoría 5. BGP estable 30 min sin oscilación tras la migración del peering. | D44: Cat 5 | E44: M3-M8 | F44: T10.5 / T11
A45: FASE 4. Implementación por sede Cat.2 a Cat.6 (M4-M8) | B45: 5.11 | C45: Categoría 6. Canales complementarios habilitados según orden de FGN (4G/5G, LEO de respaldo). | D45: Cat 6 | E45: M7 | F45: T10.6 | G45: Anexo 1. Cat 6
A46: FASE 4. Implementación por sede Cat.2 a Cat.6 (M4-M8) | B46: 5.12 | C46: Categoría 6. Failover automático probado al canal complementario y bitácora. | D46: Cat 6 | E46: M7 | F46: T10.6
A47: FASE 4. Implementación por sede Cat.2 a Cat.6 (M4-M8) | B47: 5.13 | C47: Transversal. IPv4/IPv6 dual-stack operativo en CPE y solución SD-WAN. | D47: Todas | E47: M6 | F47: T10.1 | G47: Anexo 1. C4.13
A48: FASE 4. Implementación por sede Cat.2 a Cat.6 (M4-M8) | B48: 5.14 | C48: Transversal. Direccionamiento LAN y VLAN preservados por sede. | D48: Todas | E48: M6 | F48: T10.1 | G48: Anexo 1. C3.4
A49: FASE 4. Implementación por sede Cat.2 a Cat.6 (M4-M8) | B49: 5.15 | C49: Transversal. Hand-off independiente entre PROVEEDOR ENTRANTE y LAN interna. | D49: Todas | E49: M6 | F49: T10.1 | G49: Anexo 1. C3.4
A50: FASE 4. Implementación por sede Cat.2 a Cat.6 (M4-M8) | B50: 4.17 | C50: Transversal. Sincronización NTP a hora legal colombiana en todos los dispositivos. | D50: Todas | E50: M6 | F50: T9.3 | G50: Anexo 1. C1
A51: FASE 4. Implementación por sede Cat.2 a Cat.6 (M4-M8) | B51: 4.18 | C51: Transversal. Bitácora de sede (Apéndice E) diligenciada por cada corte ejecutado. | D51: Todas | E51: M6-M8 | F51: T7 / Apéndice E | G51: Anexo Técnico 7. Apéndice E
A52: FASE 5. Runbook de corte y PAT por sede (M3-M8) | B52: 4.1 | C52: Notificación al Supervisor con ≥ 72 horas de anticipación (correo + ticket ITSM). | D52: Todas | E52: M6-M8 | F52: T10.1 paso 1 | G52: Anexo 2. Generalidades
A53: FASE 5. Runbook de corte y PAT por sede (M3-M8) | B53: 4.2 | C53: Ventana de mantenimiento programada en horario de baja demanda (22:00-05:00). | D53: Todas | E53: M6-M8 | F53: T10.1 paso 3
A54: FASE 5. Runbook de corte y PAT por sede (M3-M8) | B54: 4.3 | C54: Backup de configuración del equipo / enlace anterior entregado a FGN TIC antes del corte. | D54: Todas | E54: M6-M8 | F54: T10.1 paso 4
A55: FASE 5. Runbook de corte y PAT por sede (M3-M8) | B55: 4.4 | C55: PAT. Sin pérdida de continuidad durante la ventana de prueba (0 interrupciones), mediante ping continuo a la interfaz de gateway (15 min). | D55: Todas | E55: M6-M8 | F55: T11 | G55: Anexo Técnico 5
A56: FASE 5. Runbook de corte y PAT por sede (M3-M8) | B56: 4.5 | C56: PAT. Latencia (RTT) ≤ ANS definido por categoría (ICMP / iPerf3, 10 min). | D56: Todas | E56: M6-M8 | F56: T11 | G56: Anexo Técnico 5
A57: FASE 5. Runbook de corte y PAT por sede (M3-M8) | B57: 4.6 | C57: PAT. Jitter ≤ 10 ms y dentro del umbral de IPDV del trayecto aplicable (iPerf3 UDP, 10 min). | D57: Todas | E57: M6-M8 | F57: T11
A58: FASE 5. Runbook de corte y PAT por sede (M3-M8) | B58: 4.7 | C58: PAT. Pérdida de paquetes ≤ 0,5 % (iPerf3 UDP, 10 min). | D58: Todas | E58: M6-M8 | F58: T11
A59: FASE 5. Runbook de corte y PAT por sede (M3-M8) | B59: 4.8 | C59: PAT. Ancho de banda ≥ 90 % del contratado (iPerf3 TCP, 5 min). | D59: Todas | E59: M6-M8 | F59: T11
A60: FASE 5. Runbook de corte y PAT por sede (M3-M8) | B60: 4.9 | C60: PAT. 100 % de aplicaciones críticas FGN accesibles (manual, 30 min). | D60: Todas | E60: M6-M8 | F60: T11 | G60: Anexo 2
A61: FASE 5. Runbook de corte y PAT por sede (M3-M8) | B61: 4.10 | C61: PAT. Políticas de seguridad activas (FW, segmentación, cifrado overlay). | D61: Todas | E61: M6-M8 | F61: T11 | G61: Anexo 2
A62: FASE 5. Runbook de corte y PAT por sede (M3-M8) | B62: 4.11 | C62: PAT. Sede gestionable desde consola SD-WAN central. | D62: Todas | E62: M6-M8 | F62: T11
A63: FASE 5. Runbook de corte y PAT por sede (M3-M8) | B63: 4.12 | C63: Acta de Activación de Sede (Apéndice B) suscrita por FGN TIC + PROVEEDOR ENTRANTE. | D63: Todas | E63: M6-M8 | F63: T7 / Apéndice B | G63: Anexo Técnico 7. Apéndice B
A64: FASE 5. Runbook de corte y PAT por sede (M3-M8) | B64: 4.13 | C64: Registros fotográficos, planos de ruta y configuraciones entregados a FGN. | D64: Todas | E64: M6-M8 | F64: T7 | G64: Anexo 1. C14
A65: FASE 5. Runbook de corte y PAT por sede (M3-M8) | B65: 4.14 | C65: PAT. Verificación del cumplimiento de los umbrales por Categoría definidos en el Anexo Técnico 5. | D65: Todas | E65: M6-M8 | F65: T11 | G65: Anexo Técnico 5
A66: FASE 5. Runbook de corte y PAT por sede (M3-M8) | B66: 4.15 | C66: Rollback ejecutado dentro del tiempo máximo de la categoría (cuando aplique). | D66: Todas | E66: M6-M8 | F66: T12.2 / Apéndice F | G66: Anexo Técnico 7. T12
A67: FASE 5. Runbook de corte y PAT por sede (M3-M8) | B67: 4.16 | C67: CMDB actualizada con la nueva configuración por sede tras la activación. | D67: Todas | E67: M6-M8 | F67: T9.3 | G67: Anexo 2. Generalidades
A68: FASE 6. Retirada del PROVEEDOR SALIENTE (M9-M10) | B68: 5.1 | C68: Inventario final de equipos, licencias y credenciales entregado por el PROVEEDOR SALIENTE. | D68: Todas | E68: M9-M10 | F68: T8.1 | G68: Anexo 6. P2.6
A69: FASE 6. Retirada del PROVEEDOR SALIENTE (M9-M10) | B69: 5.2 | C69: Desmonte físico de equipos y cableado de última milla del PROVEEDOR SALIENTE. | D69: Todas | E69: M9-M10 | F69: T8.2
A70: FASE 6. Retirada del PROVEEDOR SALIENTE (M9-M10) | B70: 5.3 | C70: Revocación de accesos lógicos y físicos a infraestructura FGN dentro de 5 días hábiles. | D70: Todas | E70: M9-M10 | F70: T8.3 | G70: Anexo 2
A71: FASE 6. Retirada del PROVEEDOR SALIENTE (M9-M10) | B71: 5.4 | C71: Destrucción certificada o devolución de información FGN. | D71: Todas | E71: M9-M10 | F71: T8.4 | G71: Política de Protección de Datos
A72: FASE 6. Retirada del PROVEEDOR SALIENTE (M9-M10) | B72: 5.5 | C72: Acta de Cierre del PROVEEDOR SALIENTE suscrita (Apéndice C). | D72: Todas | E72: M10 | F72: T8.5 / Apéndice C | G72: Anexo Técnico 7. Apéndice C
A73: FASE 6. Retirada del PROVEEDOR SALIENTE (M9-M10) | B73: 5.6 | C73: Entrega de logs en formatos estructurados, normalizados y procesables. | D73: Todas | E73: M9-M10 | F73: T9.2 | G73: Anexo 2
A74: FASE 6. Retirada del PROVEEDOR SALIENTE (M9-M10) | B74: 5.7 | C74: Auditoría de revocación de accesos por SIEM (Anexo 2). Sin accesos residuales. | D74: Todas | E74: M10 | F74: T8.3 | G74: Anexo 2. SIEM
A75: FASE 7. Operación y reportes (mensual) | B75: 6.1 | C75: Reporte mensual de cumplimiento de ANS por Categoría (Disponibilidad, MTBF, RTO). | D75: Todas | E75: Post M10 | F75: T4 (post-cierre) | G75: Anexo Técnico 5
A76: FASE 7. Operación y reportes (mensual) | B76: 6.2 | C76: Reporte de incidentes y rollbacks del período. | D76: Todas | E76: Post M10 | F76: T4 / T12 | G76: Anexo Técnico 7. T4
A77: FASE 7. Operación y reportes (mensual) | B77: 6.3 | C77: Reporte de capacidad y desempeño SD-WAN. | D77: Todas | E77: Post M10 | G77: Anexo 1. C12
A78: FASE 7. Operación y reportes (mensual) | B78: 6.4 | C78: Inventario CMDB actualizado (post-transición y permanente). | D78: Todas | E78: Post M10 | F78: T9.3 | G78: Anexo 1. C13 / Anexo 2. Generalidades
A79: FASE 7. Operación y reportes (mensual) | B79: 6.5 | C79: Análisis de Ingeniería de Tráfico. Primer informe a los 3 meses. | D79: Todas | E79: Post M10 | G79: Anexo 1. C12
A80: FASE 7. Operación y reportes (mensual) | B80: 6.6 | C80: Plan de mantenimiento preventivo aprobado y ejecutado. | D80: Todas | E80: Post M10 | G80: Anexo 1. C11
A81: FASE 7. Operación y reportes (mensual) | B81: 6.7 | C81: Cumplimiento ≥ 90 % de efectividad atención de canales de soporte. | D81: Todas | E81: Post M10 | G81: Anexo Técnico 5
A82: FASE 7. Operación y reportes (mensual) | B82: 7.8 | C82: Gestión de adiciones, cancelaciones, suspensiones y traslados. | D82: Todas | E82: Post M10 | G82: Anexo 1. C5
A83: FASE 7. Operación y reportes (mensual) | B83: 7.9 | C83: RTO mensual cumplido por Categoría según la matriz del Anexo Técnico 5. | D83: Todas | E83: Post M10 | G83: Anexo Técnico 5
A84: FASE 7. Operación y reportes (mensual) | B84: 7.10 | C84: Tiempos de resolución de incidentes cumplidos según matriz Cat/Prioridad. | D84: Todas | E84: Post M10 | G84: Anexo Técnico 5
A85: FASE 7. Operación y reportes (mensual) | B85: 7.11 | C85: MTBF mensual ≥ 719 h para Cat 1, 2 y 5; ≥ 717 h para Cat 3, 4 y 6, conforme a la matriz del Anexo Técnico 5. | D85: Todas | E85: Post M10 | G85: Anexo Técnico 5
A86: FASE 8. Cierre del contrato (M10) | B86: 7.1 | C86: Informe final con eventos, KPIs, lecciones aprendidas, georreferenciación. | D86: Todas | E86: M10 | F86: T13 | G86: Anexo Técnico 7. T13
A87: FASE 8. Cierre del contrato (M10) | B87: 7.2 | C87: Liberación de IPs públicas asignadas a la FGN. | D87: Todas | E87: M10 | F87: T8 | G87: Anexo 1. C9.7
A88: FASE 8. Cierre del contrato (M10) | B88: 7.3 | C88: Entrega de configuraciones y políticas finales aplicadas. | D88: Todas | E88: M10 | F88: T13.2 | G88: Anexo 1. C13
A89: FASE 8. Cierre del contrato (M10) | B89: 7.4 | C89: Retiro de equipos (≤ 30 días post-finalización). | D89: Todas | E89: M10 | F89: T8.2 | G89: Anexo 1. C17
A90: FASE 8. Cierre del contrato (M10) | B90: 7.5 | C90: Disposición final de los equipos del contrato conforme al numeral C17 del Anexo Técnico 1, con acta de recibo suscrita por la FGN. | D90: Todas | E90: M10 | F90: T13.3 | G90: Anexo 1. C17
A91: FASE 8. Cierre del contrato (M10) | B91: 7.6 | C91: Acta de Cierre del Protocolo de Transición (Apéndice C) suscrita, único documento habilitante para iniciar la liquidación del contrato anterior. | D91: Todas | E91: M10 | F91: T13 / Apéndice C | G91: Anexo Técnico 7. Apéndice C

Sheet Resumen
B2: Resumen de avance. por Fase
B4: # | C4: Fase | D4: Total | E4: Cumplido | F4: En curso | G4: Pendiente | H4: No aplica | I4: Bloqueado | J4: % Cumplimiento
B5: 1 | C5: FASE 1. Planeación e inicio (M1) | D5: =COUNTIF('Lista de Chequeo'!A:A,C5) -> 8 | E5: =COUNTIFS('Lista de Chequeo'!A:A,C5,'Lista de Chequeo'!H:H,"Cumplido") -> 0 | F5: =COUNTIFS('Lista de Chequeo'!A:A,C5,'Lista de Chequeo'!H:H,"En curso") -> 0 | G5: =COUNTIFS('Lista de Chequeo'!A:A,C5,'Lista de Chequeo'!H:H,"Pendiente") -> 0 | H5: =COUNTIFS('Lista de Chequeo'!A:A,C5,'Lista de Chequeo'!H:H,"No aplica") -> 0 | I5: =COUNTIFS('Lista de Chequeo'!A:A,C5,'Lista de Chequeo'!H:H,"Bloqueado") -> 0 | J5: =IFERROR((E5+H5)/(D5-H5+H5),0) -> 0
B6: 2 | C6: FASE 2. Diseño y aprobación (M1-M2) | D6: =COUNTIF('Lista de Chequeo'!A:A,C6) -> 13 | E6: =COUNTIFS('Lista de Chequeo'!A:A,C6,'Lista de Chequeo'!H:H,"Cumplido") -> 0 | F6: =COUNTIFS('Lista de Chequeo'!A:A,C6,'Lista de Chequeo'!H:H,"En curso") -> 0 | G6: =COUNTIFS('Lista de Chequeo'!A:A,C6,'Lista de Chequeo'!H:H,"Pendiente") -> 0 | H6: =COUNTIFS('Lista de Chequeo'!A:A,C6,'Lista de Chequeo'!H:H,"No aplica") -> 0 | I6: =COUNTIFS('Lista de Chequeo'!A:A,C6,'Lista de Chequeo'!H:H,"Bloqueado") -> 0 | J6: =IFERROR((E6+H6)/(D6-H6+H6),0) -> 0
B7: 3 | C7: FASE 3. Habilitación nodos Categoría 1 (Datacenters) (M3) | D7: =COUNTIF('Lista de Chequeo'!A:A,C7) -> 11 | E7: =COUNTIFS('Lista de Chequeo'!A:A,C7,'Lista de Chequeo'!H:H,"Cumplido") -> 0 | F7: =COUNTIFS('Lista de Chequeo'!A:A,C7,'Lista de Chequeo'!H:H,"En curso") -> 0 | G7: =COUNTIFS('Lista de Chequeo'!A:A,C7,'Lista de Chequeo'!H:H,"Pendiente") -> 0 | H7: =COUNTIFS('Lista de Chequeo'!A:A,C7,'Lista de Chequeo'!H:H,"No aplica") -> 0 | I7: =COUNTIFS('Lista de Chequeo'!A:A,C7,'Lista de Chequeo'!H:H,"Bloqueado") -> 0 | J7: =IFERROR((E7+H7)/(D7-H7+H7),0) -> 0
B8: 4 | C8: FASE 4. Implementación por sede Cat.2 a Cat.6 (M4-M8) | D8: =COUNTIF('Lista de Chequeo'!A:A,C8) -> 18 | E8: =COUNTIFS('Lista de Chequeo'!A:A,C8,'Lista de Chequeo'!H:H,"Cumplido") -> 0 | F8: =COUNTIFS('Lista de Chequeo'!A:A,C8,'Lista de Chequeo'!H:H,"En curso") -> 0 | G8: =COUNTIFS('Lista de Chequeo'!A:A,C8,'Lista de Chequeo'!H:H,"Pendiente") -> 0 | H8: =COUNTIFS('Lista de Chequeo'!A:A,C8,'Lista de Chequeo'!H:H,"No aplica") -> 0 | I8: =COUNTIFS('Lista de Chequeo'!A:A,C8,'Lista de Chequeo'!H:H,"Bloqueado") -> 0 | J8: =IFERROR((E8+H8)/(D8-H8+H8),0) -> 0
B9: 5 | C9: FASE 5. Runbook de corte y PAT por sede (M3-M8) | D9: =COUNTIF('Lista de Chequeo'!A:A,C9) -> 16 | E9: =COUNTIFS('Lista de Chequeo'!A:A,C9,'Lista de Chequeo'!H:H,"Cumplido") -> 0 | F9: =COUNTIFS('Lista de Chequeo'!A:A,C9,'Lista de Chequeo'!H:H,"En curso") -> 0 | G9: =COUNTIFS('Lista de Chequeo'!A:A,C9,'Lista de Chequeo'!H:H,"Pendiente") -> 0 | H9: =COUNTIFS('Lista de Chequeo'!A:A,C9,'Lista de Chequeo'!H:H,"No aplica") -> 0 | I9: =COUNTIFS('Lista de Chequeo'!A:A,C9,'Lista de Chequeo'!H:H,"Bloqueado") -> 0 | J9: =IFERROR((E9+H9)/(D9-H9+H9),0) -> 0
B10: 6 | C10: FASE 6. Retirada del PROVEEDOR SALIENTE (M9-M10) | D10: =COUNTIF('Lista de Chequeo'!A:A,C10) -> 7 | E10: =COUNTIFS('Lista de Chequeo'!A:A,C10,'Lista de Chequeo'!H:H,"Cumplido") -> 0 | F10: =COUNTIFS('Lista de Chequeo'!A:A,C10,'Lista de Chequeo'!H:H,"En curso") -> 0 | G10: =COUNTIFS('Lista de Chequeo'!A:A,C10,'Lista de Chequeo'!H:H,"Pendiente") -> 0 | H10: =COUNTIFS('Lista de Chequeo'!A:A,C10,'Lista de Chequeo'!H:H,"No aplica") -> 0 | I10: =COUNTIFS('Lista de Chequeo'!A:A,C10,'Lista de Chequeo'!H:H,"Bloqueado") -> 0 | J10: =IFERROR((E10+H10)/(D10-H10+H10),0) -> 0
B11: 7 | C11: FASE 7. Operación y reportes (mensual) | D11: =COUNTIF('Lista de Chequeo'!A:A,C11) -> 11 | E11: =COUNTIFS('Lista de Chequeo'!A:A,C11,'Lista de Chequeo'!H:H,"Cumplido") -> 0 | F11: =COUNTIFS('Lista de Chequeo'!A:A,C11,'Lista de Chequeo'!H:H,"En curso") -> 0 | G11: =COUNTIFS('Lista de Chequeo'!A:A,C11,'Lista de Chequeo'!H:H,"Pendiente") -> 0 | H11: =COUNTIFS('Lista de Chequeo'!A:A,C11,'Lista de Chequeo'!H:H,"No aplica") -> 0 | I11: =COUNTIFS('Lista de Chequeo'!A:A,C11,'Lista de Chequeo'!H:H,"Bloqueado") -> 0 | J11: =IFERROR((E11+H11)/(D11-H11+H11),0) -> 0
B12: 8 | C12: FASE 8. Cierre del contrato (M10) | D12: =COUNTIF('Lista de Chequeo'!A:A,C12) -> 6 | E12: =COUNTIFS('Lista de Chequeo'!A:A,C12,'Lista de Chequeo'!H:H,"Cumplido") -> 0 | F12: =COUNTIFS('Lista de Chequeo'!A:A,C12,'Lista de Chequeo'!H:H,"En curso") -> 0 | G12: =COUNTIFS('Lista de Chequeo'!A:A,C12,'Lista de Chequeo'!H:H,"Pendiente") -> 0 | H12: =COUNTIFS('Lista de Chequeo'!A:A,C12,'Lista de Chequeo'!H:H,"No aplica") -> 0 | I12: =COUNTIFS('Lista de Chequeo'!A:A,C12,'Lista de Chequeo'!H:H,"Bloqueado") -> 0 | J12: =IFERROR((E12+H12)/(D12-H12+H12),0) -> 0
C13: TOTAL | D13: =COUNTA('Lista de Chequeo'!B2:B91) -> 89 | E13: =COUNTIF('Lista de Chequeo'!H:H,"Cumplido") -> 0 | F13: =COUNTIF('Lista de Chequeo'!H:H,"En curso") -> 0 | G13: =COUNTIF('Lista de Chequeo'!H:H,"Pendiente") -> 0 | H13: =COUNTIF('Lista de Chequeo'!H:H,"No aplica") -> 0 | I13: =COUNTIF('Lista de Chequeo'!H:H,"Bloqueado") -> 0 | J13: =IFERROR(E13/D13,0) -> 0
B16: KPIs Semanales (Anexo Técnico 7. T4 / Apéndice D)
B18: Indicador | C18: Verde | D18: Amarillo | E18: Rojo | F18: Valor actual | G18: Estado | H18: Acción
B19: % sedes migradas (acumulado) | C19: ≥ plan | D19: −10 % del plan | E19: < −10 % | G19: =IF(F19="","",IF(F19<-0.1,"Rojo",IF(F19<0,"Amarillo","Verde"))) | H19: En rojo: replan y comité extraordinario.
B20: Tasa de éxito de cortes | C20: ≥ 95 % | D20: 85-94 % | E20: < 85 % | G20: =IF(F20="","",IF(F20<0.85,"Rojo",IF(F20<0.95,"Amarillo","Verde"))) | H20: En rojo: escalamiento N3 (T6.2).
B21: Tiempo promedio de corte (horas) | C21: ≤ 2 h | D21: 2-3 h | E21: > 3 h | G21: =IF(F21="","",IF(F21>3,"Rojo",IF(F21>2,"Amarillo","Verde"))) | H21: En rojo: auditoría MOP, refuerzo cuadrilla.
B22: % rollbacks sobre total cortes | C22: ≤ 2 % | D22: 2-5 % | E22: > 5 % | G22: =IF(F22="","",IF(F22>0.05,"Rojo",IF(F22>0.02,"Amarillo","Verde"))) | H22: En rojo: pausa de cortes para análisis.
B23: Disponibilidad general sedes | C23: 100 % | D23: 99,5-99,9 % | E23: < 99,5 % | G23: =IF(F23="","",IF(F23<0.995,"Rojo",IF(F23<1,"Amarillo","Verde"))) | H23: En rojo: activación DRP.
B24: Atraso en hitos (semanas) | C24: 0 | D24: 1-2 semanas | E24: > 2 semanas | G24: =IF(F24="","",IF(F24>7,"Rojo",IF(F24>0,"Amarillo","Verde"))) | H24: En rojo: escalamiento N3.

Sheet Categorías
B2: Avance cruzado. Fase x Categoría
B4: Fase / Categoría | C4: Todas | D4: Cat 1 | E4: Cat 2 | F4: Cat 3 | G4: Cat 4 | H4: Cat 5 | I4: Cat 6
B5: FASE 1. Planeación e inicio (M1) | C5: =IFERROR(COUNTIFS('Lista de Chequeo'!A:A,B5,'Lista de Chequeo'!D:D,"*"&"Todas"&"*",'Lista de Chequeo'!H:H,"Cumplido")/MAX(1,COUNTIFS('Lista de Chequeo'!A:A,B5,'Lista de Chequeo'!D:D,"*"&"Todas"&"*")),0) -> 0 | D5: =IFERROR(COUNTIFS('Lista de Chequeo'!A:A,B5,'Lista de Chequeo'!D:D,"*"&"Cat 1"&"*",'Lista de Chequeo'!H:H,"Cumplido")/MAX(1,COUNTIFS('Lista de Chequeo'!A:A,B5,'Lista de Chequeo'!D:D,"*"&"Cat 1"&"*")),0) -> 0 | E5: =IFERROR(COUNTIFS('Lista de Chequeo'!A:A,B5,'Lista de Chequeo'!D:D,"*"&"Cat 2"&"*",'Lista de Chequeo'!H:H,"Cumplido")/MAX(1,COUNTIFS('Lista de Chequeo'!A:A,B5,'Lista de Chequeo'!D:D,"*"&"Cat 2"&"*")),0) -> 0 | F5: =IFERROR(COUNTIFS('Lista de Chequeo'!A:A,B5,'Lista de Chequeo'!D:D,"*"&"Cat 3"&"*",'Lista de Chequeo'!H:H,"Cumplido")/MAX(1,COUNTIFS('Lista de Chequeo'!A:A,B5,'Lista de Chequeo'!D:D,"*"&"Cat 3"&"*")),0) -> 0 | G5: =IFERROR(COUNTIFS('Lista de Chequeo'!A:A,B5,'Lista de Chequeo'!D:D,"*"&"Cat 4"&"*",'Lista de Chequeo'!H:H,"Cumplido")/MAX(1,COUNTIFS('Lista de Chequeo'!A:A,B5,'Lista de Chequeo'!D:D,"*"&"Cat 4"&"*")),0) -> 0 | H5: =IFERROR(COUNTIFS('Lista de Chequeo'!A:A,B5,'Lista de Chequeo'!D:D,"*"&"Cat 5"&"*",'Lista de Chequeo'!H:H,"Cumplido")/MAX(1,COUNTIFS('Lista de Chequeo'!A:A,B5,'Lista de Chequeo'!D:D,"*"&"Cat 5"&"*")),0) -> 0 | I5: =IFERROR(COUNTIFS('Lista de Chequeo'!A:A,B5,'Lista de Chequeo'!D:D,"*"&"Cat 6"&"*",'Lista de Chequeo'!H:H,"Cumplido")/MAX(1,COUNTIFS('Lista de Chequeo'!A:A,B5,'Lista de Chequeo'!D:D,"*"&"Cat 6"&"*")),0) -> 0
B6: FASE 2. Diseño y aprobación (M1-M2) | C6: =IFERROR(COUNTIFS('Lista de Chequeo'!A:A,B6,'Lista de Chequeo'!D:D,"*"&"Todas"&"*",'Lista de Chequeo'!H:H,"Cumplido")/MAX(1,COUNTIFS('Lista de Chequeo'!A:A,B6,'Lista de Chequeo'!D:D,"*"&"Todas"&"*")),0) -> 0 | D6: =IFERROR(COUNTIFS('Lista de Chequeo'!A:A,B6,'Lista de Chequeo'!D:D,"*"&"Cat 1"&"*",'Lista de Chequeo'!H:H,"Cumplido")/MAX(1,COUNTIFS('Lista de Chequeo'!A:A,B6,'Lista de Chequeo'!D:D,"*"&"Cat 1"&"*")),0) -> 0 | E6: =IFERROR(COUNTIFS('Lista de Chequeo'!A:A,B6,'Lista de Chequeo'!D:D,"*"&"Cat 2"&"*",'Lista de Chequeo'!H:H,"Cumplido")/MAX(1,COUNTIFS('Lista de Chequeo'!A:A,B6,'Lista de Chequeo'!D:D,"*"&"Cat 2"&"*")),0) -> 0 | F6: =IFERROR(COUNTIFS('Lista de Chequeo'!A:A,B6,'Lista de Chequeo'!D:D,"*"&"Cat 3"&"*",'Lista de Chequeo'!H:H,"Cumplido")/MAX(1,COUNTIFS('Lista de Chequeo'!A:A,B6,'Lista de Chequeo'!D:D,"*"&"Cat 3"&"*")),0) -> 0 | G6: =IFERROR(COUNTIFS('Lista de Chequeo'!A:A,B6,'Lista de Chequeo'!D:D,"*"&"Cat 4"&"*",'Lista de Chequeo'!H:H,"Cumplido")/MAX(1,COUNTIFS('Lista de Chequeo'!A:A,B6,'Lista de Chequeo'!D:D,"*"&"Cat 4"&"*")),0) -> 0 | H6: =IFERROR(COUNTIFS('Lista de Chequeo'!A:A,B6,'Lista de Chequeo'!D:D,"*"&"Cat 5"&"*",'Lista de Chequeo'!H:H,"Cumplido")/MAX(1,COUNTIFS('Lista de Chequeo'!A:A,B6,'Lista de Chequeo'!D:D,"*"&"Cat 5"&"*")),0) -> 0 | I6: =IFERROR(COUNTIFS('Lista de Chequeo'!A:A,B6,'Lista de Chequeo'!D:D,"*"&"Cat 6"&"*",'Lista de Chequeo'!H:H,"Cumplido")/MAX(1,COUNTIFS('Lista de Chequeo'!A:A,B6,'Lista de Chequeo'!D:D,"*"&"Cat 6"&"*")),0) -> 0
B7: FASE 3. Habilitación nodos Categoría 1 (Datacenters) (M3) | C7: =IFERROR(COUNTIFS('Lista de Chequeo'!A:A,B7,'Lista de Chequeo'!D:D,"*"&"Todas"&"*",'Lista de Chequeo'!H:H,"Cumplido")/MAX(1,COUNTIFS('Lista de Chequeo'!A:A,B7,'Lista de Chequeo'!D:D,"*"&"Todas"&"*")),0) -> 0 | D7: =IFERROR(COUNTIFS('Lista de Chequeo'!A:A,B7,'Lista de Chequeo'!D:D,"*"&"Cat 1"&"*",'Lista de Chequeo'!H:H,"Cumplido")/MAX(1,COUNTIFS('Lista de Chequeo'!A:A,B7,'Lista de Chequeo'!D:D,"*"&"Cat 1"&"*")),0) -> 0 | E7: =IFERROR(COUNTIFS('Lista de Chequeo'!A:A,B7,'Lista de Chequeo'!D:D,"*"&"Cat 2"&"*",'Lista de Chequeo'!H:H,"Cumplido")/MAX(1,COUNTIFS('Lista de Chequeo'!A:A,B7,'Lista de Chequeo'!D:D,"*"&"Cat 2"&"*")),0) -> 0 | F7: =IFERROR(COUNTIFS('Lista de Chequeo'!A:A,B7,'Lista de Chequeo'!D:D,"*"&"Cat 3"&"*",'Lista de Chequeo'!H:H,"Cumplido")/MAX(1,COUNTIFS('Lista de Chequeo'!A:A,B7,'Lista de Chequeo'!D:D,"*"&"Cat 3"&"*")),0) -> 0 | G7: =IFERROR(COUNTIFS('Lista de Chequeo'!A:A,B7,'Lista de Chequeo'!D:D,"*"&"Cat 4"&"*",'Lista de Chequeo'!H:H,"Cumplido")/MAX(1,COUNTIFS('Lista de Chequeo'!A:A,B7,'Lista de Chequeo'!D:D,"*"&"Cat 4"&"*")),0) -> 0 | H7: =IFERROR(COUNTIFS('Lista de Chequeo'!A:A,B7,'Lista de Chequeo'!D:D,"*"&"Cat 5"&"*",'Lista de Chequeo'!H:H,"Cumplido")/MAX(1,COUNTIFS('Lista de Chequeo'!A:A,B7,'Lista de Chequeo'!D:D,"*"&"Cat 5"&"*")),0) -> 0 | I7: =IFERROR(COUNTIFS('Lista de Chequeo'!A:A,B7,'Lista de Chequeo'!D:D,"*"&"Cat 6"&"*",'Lista de Chequeo'!H:H,"Cumplido")/MAX(1,COUNTIFS('Lista de Chequeo'!A:A,B7,'Lista de Chequeo'!D:D,"*"&"Cat 6"&"*")),0) -> 0
B8: FASE 4. Implementación por sede Cat.2 a Cat.6 (M4-M8) | C8: =IFERROR(COUNTIFS('Lista de Chequeo'!A:A,B8,'Lista de Chequeo'!D:D,"*"&"Todas"&"*",'Lista de Chequeo'!H:H,"Cumplido")/MAX(1,COUNTIFS('Lista de Chequeo'!A:A,B8,'Lista de Chequeo'!D:D,"*"&"Todas"&"*")),0) -> 0 | D8: =IFERROR(COUNTIFS('Lista de Chequeo'!A:A,B8,'Lista de Chequeo'!D:D,"*"&"Cat 1"&"*",'Lista de Chequeo'!H:H,"Cumplido")/MAX(1,COUNTIFS('Lista de Chequeo'!A:A,B8,'Lista de Chequeo'!D:D,"*"&"Cat 1"&"*")),0) -> 0 | E8: =IFERROR(COUNTIFS('Lista de Chequeo'!A:A,B8,'Lista de Chequeo'!D:D,"*"&"Cat 2"&"*",'Lista de Chequeo'!H:H,"Cumplido")/MAX(1,COUNTIFS('Lista de Chequeo'!A:A,B8,'Lista de Chequeo'!D:D,"*"&"Cat 2"&"*")),0) -> 0 | F8: =IFERROR(COUNTIFS('Lista de Chequeo'!A:A,B8,'Lista de Chequeo'!D:D,"*"&"Cat 3"&"*",'Lista de Chequeo'!H:H,"Cumplido")/MAX(1,COUNTIFS('Lista de Chequeo'!A:A,B8,'Lista de Chequeo'!D:D,"*"&"Cat 3"&"*")),0) -> 0 | G8: =IFERROR(COUNTIFS('Lista de Chequeo'!A:A,B8,'Lista de Chequeo'!D:D,"*"&"Cat 4"&"*",'Lista de Chequeo'!H:H,"Cumplido")/MAX(1,COUNTIFS('Lista de Chequeo'!A:A,B8,'Lista de Chequeo'!D:D,"*"&"Cat 4"&"*")),0) -> 0 | H8: =IFERROR(COUNTIFS('Lista de Chequeo'!A:A,B8,'Lista de Chequeo'!D:D,"*"&"Cat 5"&"*",'Lista de Chequeo'!H:H,"Cumplido")/MAX(1,COUNTIFS('Lista de Chequeo'!A:A,B8,'Lista de Chequeo'!D:D,"*"&"Cat 5"&"*")),0) -> 0 | I8: =IFERROR(COUNTIFS('Lista de Chequeo'!A:A,B8,'Lista de Chequeo'!D:D,"*"&"Cat 6"&"*",'Lista de Chequeo'!H:H,"Cumplido")/MAX(1,COUNTIFS('Lista de Chequeo'!A:A,B8,'Lista de Chequeo'!D:D,"*"&"Cat 6"&"*")),0) -> 0
B9: FASE 5. Runbook de corte y PAT por sede (M3-M8) | C9: =IFERROR(COUNTIFS('Lista de Chequeo'!A:A,B9,'Lista de Chequeo'!D:D,"*"&"Todas"&"*",'Lista de Chequeo'!H:H,"Cumplido")/MAX(1,COUNTIFS('Lista de Chequeo'!A:A,B9,'Lista de Chequeo'!D:D,"*"&"Todas"&"*")),0) -> 0 | D9: =IFERROR(COUNTIFS('Lista de Chequeo'!A:A,B9,'Lista de Chequeo'!D:D,"*"&"Cat 1"&"*",'Lista de Chequeo'!H:H,"Cumplido")/MAX(1,COUNTIFS('Lista de Chequeo'!A:A,B9,'Lista de Chequeo'!D:D,"*"&"Cat 1"&"*")),0) -> 0 | E9: =IFERROR(COUNTIFS('Lista de Chequeo'!A:A,B9,'Lista de Chequeo'!D:D,"*"&"Cat 2"&"*",'Lista de Chequeo'!H:H,"Cumplido")/MAX(1,COUNTIFS('Lista de Chequeo'!A:A,B9,'Lista de Chequeo'!D:D,"*"&"Cat 2"&"*")),0) -> 0 | F9: =IFERROR(COUNTIFS('Lista de Chequeo'!A:A,B9,'Lista de Chequeo'!D:D,"*"&"Cat 3"&"*",'Lista de Chequeo'!H:H,"Cumplido")/MAX(1,COUNTIFS('Lista de Chequeo'!A:A,B9,'Lista de Chequeo'!D:D,"*"&"Cat 3"&"*")),0) -> 0 | G9: =IFERROR(COUNTIFS('Lista de Chequeo'!A:A,B9,'Lista de Chequeo'!D:D,"*"&"Cat 4"&"*",'Lista de Chequeo'!H:H,"Cumplido")/MAX(1,COUNTIFS('Lista de Chequeo'!A:A,B9,'Lista de Chequeo'!D:D,"*"&"Cat 4"&"*")),0) -> 0 | H9: =IFERROR(COUNTIFS('Lista de Chequeo'!A:A,B9,'Lista de Chequeo'!D:D,"*"&"Cat 5"&"*",'Lista de Chequeo'!H:H,"Cumplido")/MAX(1,COUNTIFS('Lista de Chequeo'!A:A,B9,'Lista de Chequeo'!D:D,"*"&"Cat 5"&"*")),0) -> 0 | I9: =IFERROR(COUNTIFS('Lista de Chequeo'!A:A,B9,'Lista de Chequeo'!D:D,"*"&"Cat 6"&"*",'Lista de Chequeo'!H:H,"Cumplido")/MAX(1,COUNTIFS('Lista de Chequeo'!A:A,B9,'Lista de Chequeo'!D:D,"*"&"Cat 6"&"*")),0) -> 0
B10: FASE 6. Retirada del PROVEEDOR SALIENTE (M9-M10) | C10: =IFERROR(COUNTIFS('Lista de Chequeo'!A:A,B10,'Lista de Chequeo'!D:D,"*"&"Todas"&"*",'Lista de Chequeo'!H:H,"Cumplido")/MAX(1,COUNTIFS('Lista de Chequeo'!A:A,B10,'Lista de Chequeo'!D:D,"*"&"Todas"&"*")),0) -> 0 | D10: =IFERROR(COUNTIFS('Lista de Chequeo'!A:A,B10,'Lista de Chequeo'!D:D,"*"&"Cat 1"&"*",'Lista de Chequeo'!H:H,"Cumplido")/MAX(1,COUNTIFS('Lista de Chequeo'!A:A,B10,'Lista de Chequeo'!D:D,"*"&"Cat 1"&"*")),0) -> 0 | E10: =IFERROR(COUNTIFS('Lista de Chequeo'!A:A,B10,'Lista de Chequeo'!D:D,"*"&"Cat 2"&"*",'Lista de Chequeo'!H:H,"Cumplido")/MAX(1,COUNTIFS('Lista de Chequeo'!A:A,B10,'Lista de Chequeo'!D:D,"*"&"Cat 2"&"*")),0) -> 0 | F10: =IFERROR(COUNTIFS('Lista de Chequeo'!A:A,B10,'Lista de Chequeo'!D:D,"*"&"Cat 3"&"*",'Lista de Chequeo'!H:H,"Cumplido")/MAX(1,COUNTIFS('Lista de Chequeo'!A:A,B10,'Lista de Chequeo'!D:D,"*"&"Cat 3"&"*")),0) -> 0 | G10: =IFERROR(COUNTIFS('Lista de Chequeo'!A:A,B10,'Lista de Chequeo'!D:D,"*"&"Cat 4"&"*",'Lista de Chequeo'!H:H,"Cumplido")/MAX(1,COUNTIFS('Lista de Chequeo'!A:A,B10,'Lista de Chequeo'!D:D,"*"&"Cat 4"&"*")),0) -> 0 | H10: =IFERROR(COUNTIFS('Lista de Chequeo'!A:A,B10,'Lista de Chequeo'!D:D,"*"&"Cat 5"&"*",'Lista de Chequeo'!H:H,"Cumplido")/MAX(1,COUNTIFS('Lista de Chequeo'!A:A,B10,'Lista de Chequeo'!D:D,"*"&"Cat 5"&"*")),0) -> 0 | I10: =IFERROR(COUNTIFS('Lista de Chequeo'!A:A,B10,'Lista de Chequeo'!D:D,"*"&"Cat 6"&"*",'Lista de Chequeo'!H:H,"Cumplido")/MAX(1,COUNTIFS('Lista de Chequeo'!A:A,B10,'Lista de Chequeo'!D:D,"*"&"Cat 6"&"*")),0) -> 0
B11: FASE 7. Operación y reportes (mensual) | C11: =IFERROR(COUNTIFS('Lista de Chequeo'!A:A,B11,'Lista de Chequeo'!D:D,"*"&"Todas"&"*",'Lista de Chequeo'!H:H,"Cumplido")/MAX(1,COUNTIFS('Lista de Chequeo'!A:A,B11,'Lista de Chequeo'!D:D,"*"&"Todas"&"*")),0) -> 0 | D11: =IFERROR(COUNTIFS('Lista de Chequeo'!A:A,B11,'Lista de Chequeo'!D:D,"*"&"Cat 1"&"*",'Lista de Chequeo'!H:H,"Cumplido")/MAX(1,COUNTIFS('Lista de Chequeo'!A:A,B11,'Lista de Chequeo'!D:D,"*"&"Cat 1"&"*")),0) -> 0 | E11: =IFERROR(COUNTIFS('Lista de Chequeo'!A:A,B11,'Lista de Chequeo'!D:D,"*"&"Cat 2"&"*",'Lista de Chequeo'!H:H,"Cumplido")/MAX(1,COUNTIFS('Lista de Chequeo'!A:A,B11,'Lista de Chequeo'!D:D,"*"&"Cat 2"&"*")),0) -> 0 | F11: =IFERROR(COUNTIFS('Lista de Chequeo'!A:A,B11,'Lista de Chequeo'!D:D,"*"&"Cat 3"&"*",'Lista de Chequeo'!H:H,"Cumplido")/MAX(1,COUNTIFS('Lista de Chequeo'!A:A,B11,'Lista de Chequeo'!D:D,"*"&"Cat 3"&"*")),0) -> 0 | G11: =IFERROR(COUNTIFS('Lista de Chequeo'!A:A,B11,'Lista de Chequeo'!D:D,"*"&"Cat 4"&"*",'Lista de Chequeo'!H:H,"Cumplido")/MAX(1,COUNTIFS('Lista de Chequeo'!A:A,B11,'Lista de Chequeo'!D:D,"*"&"Cat 4"&"*")),0) -> 0 | H11: =IFERROR(COUNTIFS('Lista de Chequeo'!A:A,B11,'Lista de Chequeo'!D:D,"*"&"Cat 5"&"*",'Lista de Chequeo'!H:H,"Cumplido")/MAX(1,COUNTIFS('Lista de Chequeo'!A:A,B11,'Lista de Chequeo'!D:D,"*"&"Cat 5"&"*")),0) -> 0 | I11: =IFERROR(COUNTIFS('Lista de Chequeo'!A:A,B11,'Lista de Chequeo'!D:D,"*"&"Cat 6"&"*",'Lista de Chequeo'!H:H,"Cumplido")/MAX(1,COUNTIFS('Lista de Chequeo'!A:A,B11,'Lista de Chequeo'!D:D,"*"&"Cat 6"&"*")),0) -> 0
B12: FASE 8. Cierre del contrato (M10) | C12: =IFERROR(COUNTIFS('Lista de Chequeo'!A:A,B12,'Lista de Chequeo'!D:D,"*"&"Todas"&"*",'Lista de Chequeo'!H:H,"Cumplido")/MAX(1,COUNTIFS('Lista de Chequeo'!A:A,B12,'Lista de Chequeo'!D:D,"*"&"Todas"&"*")),0) -> 0 | D12: =IFERROR(COUNTIFS('Lista de Chequeo'!A:A,B12,'Lista de Chequeo'!D:D,"*"&"Cat 1"&"*",'Lista de Chequeo'!H:H,"Cumplido")/MAX(1,COUNTIFS('Lista de Chequeo'!A:A,B12,'Lista de Chequeo'!D:D,"*"&"Cat 1"&"*")),0) -> 0 | E12: =IFERROR(COUNTIFS('Lista de Chequeo'!A:A,B12,'Lista de Chequeo'!D:D,"*"&"Cat 2"&"*",'Lista de Chequeo'!H:H,"Cumplido")/MAX(1,COUNTIFS('Lista de Chequeo'!A:A,B12,'Lista de Chequeo'!D:D,"*"&"Cat 2"&"*")),0) -> 0 | F12: =IFERROR(COUNTIFS('Lista de Chequeo'!A:A,B12,'Lista de Chequeo'!D:D,"*"&"Cat 3"&"*",'Lista de Chequeo'!H:H,"Cumplido")/MAX(1,COUNTIFS('Lista de Chequeo'!A:A,B12,'Lista de Chequeo'!D:D,"*"&"Cat 3"&"*")),0) -> 0 | G12: =IFERROR(COUNTIFS('Lista de Chequeo'!A:A,B12,'Lista de Chequeo'!D:D,"*"&"Cat 4"&"*",'Lista de Chequeo'!H:H,"Cumplido")/MAX(1,COUNTIFS('Lista de Chequeo'!A:A,B12,'Lista de Chequeo'!D:D,"*"&"Cat 4"&"*")),0) -> 0 | H12: =IFERROR(COUNTIFS('Lista de Chequeo'!A:A,B12,'Lista de Chequeo'!D:D,"*"&"Cat 5"&"*",'Lista de Chequeo'!H:H,"Cumplido")/MAX(1,COUNTIFS('Lista de Chequeo'!A:A,B12,'Lista de Chequeo'!D:D,"*"&"Cat 5"&"*")),0) -> 0 | I12: =IFERROR(COUNTIFS('Lista de Chequeo'!A:A,B12,'Lista de Chequeo'!D:D,"*"&"Cat 6"&"*",'Lista de Chequeo'!H:H,"Cumplido")/MAX(1,COUNTIFS('Lista de Chequeo'!A:A,B12,'Lista de Chequeo'!D:D,"*"&"Cat 6"&"*")),0) -> 0
B15: Leyenda
B16: Cada celda muestra el % de cumplimiento de los ítems aplicables a esa Fase y Categoría (ítems con estado "Cumplido" / ítems aplicables). "Todas" incluye los ítems transversales. Para ítems con varias categorías (p. ej. "Cat 1 / Cat 5") el conteo aplica a todas las categorías que contengan el texto.
